[
  {
    "id": "80041eec-12a1-4b9d-a588-9fd4e4c3263b",
    "data": [
      {
        "text": "how can i reach the accommodation office?",
        "userDefined": false
      }
    ],
    "isTemplate": false,
    "count": 2,
    "lang": "en",
    "updated": 0
  },
  {
    "id": "795da422-69a7-4823-9d6f-cda27777c294",
    "data": [
      {
        "text": "contact details of accomodation office",
        "userDefined": false
      }
    ],
    "isTemplate": false,
    "count": 0,
    "lang": "en",
    "updated": 0
  },
  {
    "id": "0b71f790-8446-4e59-8285-f78f5c0711b6",
    "data": [
      {
        "text": "what is the contact details of the accommodation office?",
        "userDefined": false
      }
    ],
    "isTemplate": false,
    "count": 0,
    "lang": "en",
    "updated": 0
  },
  {
    "id": "d6a49c9f-8905-4bec-80e8-9082ba34b6a7",
    "data": [
      {
        "text": "Accommodation office\n contact information",
        "userDefined": false
      }
    ],
    "isTemplate": false,
    "count": 0,
    "lang": "en",
    "updated": 0
  },
  {
    "id": "7cb25c87-1fe9-46e4-93c2-75e62e05cfe9",
    "data": [
      {
        "text": "Can you give me information on the Accommodation office",
        "userDefined": false
      }
    ],
    "isTemplate": false,
    "count": 0,
    "lang": "en",
    "updated": 0
  },
  {
    "id": "9863efd3-0333-4580-86aa-b967f96f220c",
    "data": [
      {
        "text": "Accommodation office\n service",
        "userDefined": false
      }
    ],
    "isTemplate": false,
    "count": 0,
    "lang": "en",
    "updated": 0
  },
  {
    "id": "4279b9e7-2fe8-4a1d-b063-9514d4ee2618",
    "data": [
      {
        "text": "Accommodation office",
        "userDefined": false
      }
    ],
    "isTemplate": false,
    "count": 0,
    "lang": "en",
    "updated": 0
  }
]