[
  {
    "id": "d17f148b-4f2c-462b-ab7e-4b572710d991",
    "data": [
      {
        "text": "admissions please",
        "userDefined": false
      }
    ],
    "isTemplate": false,
    "count": 0,
    "lang": "en",
    "updated": 0
  },
  {
    "id": "fa933e7e-f6f9-4aef-a976-1c5bdfb42521",
    "data": [
      {
        "text": "queries regarding admission",
        "userDefined": false
      }
    ],
    "isTemplate": false,
    "count": 0,
    "lang": "en",
    "updated": 0
  },
  {
    "id": "7837afe0-02c9-4bc3-8946-54eaa08921ea",
    "data": [
      {
        "text": "admission question",
        "userDefined": false
      }
    ],
    "isTemplate": false,
    "count": 0,
    "lang": "en",
    "updated": 0
  },
  {
    "id": "1cb1abab-f494-4c06-af1d-ae0a155af62e",
    "data": [
      {
        "text": "Admission queries",
        "userDefined": false
      }
    ],
    "isTemplate": false,
    "count": 0,
    "lang": "en",
    "updated": 0
  }
]