[
  {
    "id": "40592551-36e8-4a7d-9c2c-364db0d0e165",
    "data": [
      {
        "text": "adran",
        "meta": "@sys.person",
        "alias": "person",
        "userDefined": false
      }
    ],
    "isTemplate": false,
    "count": 0,
    "lang": "en",
    "updated": 0
  },
  {
    "id": "f2805946-63ed-4541-b4c8-d564ebd51bce",
    "data": [
      {
        "text": "adran",
        "meta": "@sys.person",
        "alias": "person",
        "userDefined": false
      },
      {
        "text": " building",
        "userDefined": false
      }
    ],
    "isTemplate": false,
    "count": 0,
    "lang": "en",
    "updated": 0
  },
  {
    "id": "42afb682-4546-4f0e-a5b0-5ac17b093736",
    "data": [
      {
        "text": "how do i get to ",
        "userDefined": false
      },
      {
        "text": "adrian building",
        "meta": "@BuildingNames",
        "alias": "buildingnames",
        "userDefined": false
      }
    ],
    "isTemplate": false,
    "count": 0,
    "lang": "en",
    "updated": 0
  },
  {
    "id": "a172b826-99be-4b79-8d21-56bed51c5d4d",
    "data": [
      {
        "text": "can i have links for ",
        "userDefined": false
      },
      {
        "text": "adrian",
        "meta": "@sys.person",
        "alias": "person",
        "userDefined": false
      }
    ],
    "isTemplate": false,
    "count": 0,
    "lang": "en",
    "updated": 0
  },
  {
    "id": "5ce0b607-dfc4-4939-8b2c-1d5d1f4ba737",
    "data": [
      {
        "text": "send me the link for ",
        "userDefined": false
      },
      {
        "text": "adrian",
        "meta": "@sys.person",
        "alias": "person",
        "userDefined": false
      }
    ],
    "isTemplate": false,
    "count": 0,
    "lang": "en",
    "updated": 0
  },
  {
    "id": "d8fa86fa-80e8-433f-940e-6bd7056bfbea",
    "data": [
      {
        "text": "how do i get to ",
        "userDefined": false
      },
      {
        "text": "adrian link",
        "meta": "@sys.person",
        "alias": "person",
        "userDefined": false
      }
    ],
    "isTemplate": false,
    "count": 0,
    "lang": "en",
    "updated": 0
  },
  {
    "id": "979539c6-3a70-499e-a452-7348b02bdb1f",
    "data": [
      {
        "text": "where is adrian building",
        "userDefined": false
      }
    ],
    "isTemplate": false,
    "count": 0,
    "lang": "en",
    "updated": 0
  },
  {
    "id": "e64963a5-2276-4027-92be-bf3018113271",
    "data": [
      {
        "text": "can you direct me to ",
        "userDefined": false
      },
      {
        "text": "adrian",
        "meta": "@sys.person",
        "alias": "person",
        "userDefined": false
      }
    ],
    "isTemplate": false,
    "count": 0,
    "lang": "en",
    "updated": 0
  },
  {
    "id": "de00001a-e60e-4691-93d1-89db8525907b",
    "data": [
      {
        "text": "ADR",
        "userDefined": false
      }
    ],
    "isTemplate": false,
    "count": 0,
    "lang": "en",
    "updated": 0
  },
  {
    "id": "b1b23f0b-92e9-495e-87bd-2b9c78a4070d",
    "data": [
      {
        "text": "Adrian",
        "meta": "@sys.person",
        "alias": "person",
        "userDefined": false
      }
    ],
    "isTemplate": false,
    "count": 0,
    "lang": "en",
    "updated": 0
  },
  {
    "id": "658e846c-cb8a-4424-8b56-c4b7d48878ed",
    "data": [
      {
        "text": "Adrian building",
        "meta": "@BuildingNames",
        "alias": "buildingnames",
        "userDefined": false
      }
    ],
    "isTemplate": false,
    "count": 0,
    "lang": "en",
    "updated": 0
  }
]