[
  {
    "id": "d5158a21-aa00-4304-9c71-0a3a805790fc",
    "data": [
      {
        "text": "archeology building",
        "userDefined": false
      }
    ],
    "isTemplate": false,
    "count": 0,
    "lang": "en",
    "updated": 0
  },
  {
    "id": "f61528c2-7ede-4e5e-8cb0-831fb1bb9c45",
    "data": [
      {
        "text": "archeology",
        "userDefined": false
      }
    ],
    "isTemplate": false,
    "count": 0,
    "lang": "en",
    "updated": 0
  },
  {
    "id": "d4a5cd77-6528-44ec-8ef6-0bd19c4218ca",
    "data": [
      {
        "text": "how do i get to ",
        "userDefined": false
      },
      {
        "text": "Archaeology and Ancient History Building",
        "meta": "@BuildingNames",
        "alias": "buildingnames",
        "userDefined": false
      }
    ],
    "isTemplate": false,
    "count": 0,
    "lang": "en",
    "updated": 0
  },
  {
    "id": "d4266b55-63d2-4c81-91da-918c4012faf3",
    "data": [
      {
        "text": "where is the ",
        "userDefined": false
      },
      {
        "text": "Archaeology and Ancient History Building",
        "meta": "@BuildingNames",
        "alias": "buildingnames",
        "userDefined": false
      },
      {
        "text": " (AAH)",
        "userDefined": false
      }
    ],
    "isTemplate": false,
    "count": 0,
    "lang": "en",
    "updated": 0
  },
  {
    "id": "fbfd2703-bbbb-4ba4-904e-0e051521cff8",
    "data": [
      {
        "text": "can you direct me to ",
        "userDefined": false
      },
      {
        "text": "Archaeology and Ancient History Building",
        "meta": "@BuildingNames",
        "alias": "buildingnames",
        "userDefined": false
      }
    ],
    "isTemplate": false,
    "count": 0,
    "lang": "en",
    "updated": 0
  },
  {
    "id": "7aabcb84-faee-4dfa-8968-dbcb5fd7a953",
    "data": [
      {
        "text": "Can you direct me to AAH",
        "userDefined": false
      }
    ],
    "isTemplate": false,
    "count": 0,
    "lang": "en",
    "updated": 0
  },
  {
    "id": "f72d739b-fdd9-4a2b-bb03-8d7790314c16",
    "data": [
      {
        "text": "AAH",
        "userDefined": false
      }
    ],
    "isTemplate": false,
    "count": 0,
    "lang": "en",
    "updated": 0
  },
  {
    "id": "93f6e6e9-5a00-40e0-b665-44dbd10ea081",
    "data": [
      {
        "text": "Archaeology and Ancient History Building",
        "meta": "@BuildingNames",
        "alias": "buildingnames",
        "userDefined": false
      }
    ],
    "isTemplate": false,
    "count": 0,
    "lang": "en",
    "updated": 0
  },
  {
    "id": "9d831d9d-4714-4a7c-b7a0-48167a0e1c97",
    "data": [
      {
        "text": "Archaeology and Ancient History Building",
        "meta": "@BuildingNames",
        "alias": "buildingnames",
        "userDefined": false
      },
      {
        "text": " (AAH)",
        "userDefined": false
      }
    ],
    "isTemplate": false,
    "count": 0,
    "lang": "en",
    "updated": 0
  }
]