[
  {
    "id": "d5824db6-c715-4ca1-a217-da4ee052981e",
    "data": [
      {
        "text": "how do i get to ",
        "userDefined": false
      },
      {
        "text": "Attenborough",
        "meta": "@sys.person",
        "alias": "person",
        "userDefined": false
      },
      {
        "text": " Building",
        "userDefined": false
      }
    ],
    "isTemplate": false,
    "count": 0,
    "lang": "en",
    "updated": 0
  },
  {
    "id": "70c22d2b-429c-412f-bc19-220db4fbc016",
    "data": [
      {
        "text": "can you direct me to ",
        "userDefined": false
      },
      {
        "text": "the Attenborough",
        "meta": "@sys.person",
        "alias": "person",
        "userDefined": false
      },
      {
        "text": " Building",
        "userDefined": false
      }
    ],
    "isTemplate": false,
    "count": 0,
    "lang": "en",
    "updated": 0
  },
  {
    "id": "3e636a94-04f3-467b-963e-5b28b3aaa7ef",
    "data": [
      {
        "text": "where is ",
        "userDefined": false
      },
      {
        "text": "the Attenborough",
        "meta": "@sys.person",
        "alias": "person",
        "userDefined": false
      },
      {
        "text": " Building",
        "userDefined": false
      }
    ],
    "isTemplate": false,
    "count": 0,
    "lang": "en",
    "updated": 0
  },
  {
    "id": "ae636ed0-d89e-4d36-850a-e5f4aa6d4cc9",
    "data": [
      {
        "text": "Attenborough",
        "meta": "@sys.person",
        "alias": "person",
        "userDefined": false
      },
      {
        "text": " Building",
        "userDefined": false
      }
    ],
    "isTemplate": false,
    "count": 0,
    "lang": "en",
    "updated": 0
  }
]