[
  {
    "id": "87ea235a-c1f2-4e73-9758-e287aab89164",
    "data": [
      {
        "text": "how do i get to ",
        "userDefined": false
      },
      {
        "text": "Attenborough Arts Centre",
        "meta": "@BuildingNames",
        "alias": "buildingnames",
        "userDefined": false
      }
    ],
    "isTemplate": false,
    "count": 0,
    "lang": "en",
    "updated": 0
  },
  {
    "id": "bc9b49b9-a199-473e-8c74-962afd45bf91",
    "data": [
      {
        "text": "where is the ",
        "userDefined": false
      },
      {
        "text": "Attenborough Arts Centre",
        "meta": "@BuildingNames",
        "alias": "buildingnames",
        "userDefined": false
      }
    ],
    "isTemplate": false,
    "count": 0,
    "lang": "en",
    "updated": 0
  },
  {
    "id": "f16a1027-4a78-446e-ac00-918d1adb855f",
    "data": [
      {
        "text": "can you direct me to the ",
        "userDefined": false
      },
      {
        "text": "Attenborough Arts Centre",
        "meta": "@BuildingNames",
        "alias": "buildingnames",
        "userDefined": false
      }
    ],
    "isTemplate": false,
    "count": 0,
    "lang": "en",
    "updated": 0
  },
  {
    "id": "6d8f4953-3223-4c48-85f9-7c52582fcd13",
    "data": [
      {
        "text": "Attenborough Arts Centre",
        "meta": "@BuildingNames",
        "alias": "buildingnames",
        "userDefined": false
      }
    ],
    "isTemplate": false,
    "count": 1,
    "lang": "en",
    "updated": 0
  }
]