[
  {
    "id": "8dfa9b7a-a4f2-44fa-98c2-c358ae0f5a13",
    "data": [
      {
        "text": "how do i get to ",
        "userDefined": false
      },
      {
        "text": "bennet",
        "meta": "@sys.person",
        "alias": "person",
        "userDefined": false
      }
    ],
    "isTemplate": false,
    "count": 0,
    "lang": "en",
    "updated": 0
  },
  {
    "id": "9703fa5b-950d-44cc-990a-42d12c8e6fbf",
    "data": [
      {
        "text": "how do i get to ",
        "userDefined": false
      },
      {
        "text": "bennet",
        "meta": "@sys.person",
        "alias": "person",
        "userDefined": false
      },
      {
        "text": " building",
        "userDefined": false
      }
    ],
    "isTemplate": false,
    "count": 0,
    "lang": "en",
    "updated": 0
  },
  {
    "id": "3cab32b9-1567-4388-8a74-946a5ae71115",
    "data": [
      {
        "text": "BEN",
        "meta": "@sys.person",
        "alias": "person",
        "userDefined": false
      }
    ],
    "isTemplate": false,
    "count": 0,
    "lang": "en",
    "updated": 0
  },
  {
    "id": "d2ccf3bd-a12d-4aea-aaea-afc646a66f33",
    "data": [
      {
        "text": "Bennett Building",
        "meta": "@BuildingNames",
        "alias": "buildingnames",
        "userDefined": false
      }
    ],
    "isTemplate": false,
    "count": 0,
    "lang": "en",
    "updated": 0
  },
  {
    "id": "797e0096-4e53-4613-a42b-cbd466d03e1f",
    "data": [
      {
        "text": "i need help getting to the ",
        "userDefined": false
      },
      {
        "text": "Bennett Building",
        "meta": "@BuildingNames",
        "alias": "buildingnames",
        "userDefined": false
      }
    ],
    "isTemplate": false,
    "count": 0,
    "lang": "en",
    "updated": 0
  },
  {
    "id": "50236334-29dc-4e64-8775-4fd55dfb8b78",
    "data": [
      {
        "text": "can you direct me to ",
        "userDefined": false
      },
      {
        "text": "Bennett Building",
        "meta": "@BuildingNames",
        "alias": "buildingnames",
        "userDefined": false
      }
    ],
    "isTemplate": false,
    "count": 0,
    "lang": "en",
    "updated": 0
  },
  {
    "id": "80af9268-e751-45e5-82d1-43d57381471a",
    "data": [
      {
        "text": "where is the ",
        "userDefined": false
      },
      {
        "text": "Bennett Building",
        "meta": "@BuildingNames",
        "alias": "buildingnames",
        "userDefined": false
      }
    ],
    "isTemplate": false,
    "count": 0,
    "lang": "en",
    "updated": 0
  }
]