[
  {
    "id": "8bf1db78-3d41-4c42-9373-721c518e9c10",
    "data": [
      {
        "text": "can you send me links to buildings",
        "userDefined": false
      }
    ],
    "isTemplate": false,
    "count": 0,
    "lang": "en",
    "updated": 0
  },
  {
    "id": "280bd1ee-77f0-43ed-8c74-bde660da09f6",
    "data": [
      {
        "text": "send me links to buidlings",
        "userDefined": false
      }
    ],
    "isTemplate": false,
    "count": 0,
    "lang": "en",
    "updated": 0
  },
  {
    "id": "33c4abf7-fbac-4910-8f17-adb1d2df7794",
    "data": [
      {
        "text": "can i have links to different buildings",
        "userDefined": false
      }
    ],
    "isTemplate": false,
    "count": 0,
    "lang": "en",
    "updated": 0
  },
  {
    "id": "c8dc4283-b787-4b0f-acf9-a27baff0dc38",
    "data": [
      {
        "text": "navigating campus",
        "userDefined": false
      }
    ],
    "isTemplate": false,
    "count": 0,
    "lang": "en",
    "updated": 0
  },
  {
    "id": "7c2016c3-1748-43f8-af40-3971cf1075ee",
    "data": [
      {
        "text": "can you help navigate campus",
        "userDefined": false
      }
    ],
    "isTemplate": false,
    "count": 0,
    "lang": "en",
    "updated": 0
  },
  {
    "id": "43b994fa-5e68-4f35-b7b6-57f4f4e1efbe",
    "data": [
      {
        "text": "can you help find a building",
        "userDefined": false
      }
    ],
    "isTemplate": false,
    "count": 0,
    "lang": "en",
    "updated": 0
  },
  {
    "id": "a554c323-f238-4b23-940b-bbfd97658ecd",
    "data": [
      {
        "text": "campus navigation",
        "userDefined": false
      }
    ],
    "isTemplate": false,
    "count": 2,
    "lang": "en",
    "updated": 0
  }
]