[
  {
    "id": "c9b51f2d-2738-41ae-a990-51a23de3d791",
    "data": [
      {
        "text": "who can i speak to from Campus Services",
        "userDefined": false
      }
    ],
    "isTemplate": false,
    "count": 0,
    "lang": "en",
    "updated": 0
  },
  {
    "id": "8205365a-4668-4583-9d48-1bcadf85d1bb",
    "data": [
      {
        "text": "what is Campus Services\n number or email",
        "userDefined": false
      }
    ],
    "isTemplate": false,
    "count": 0,
    "lang": "en",
    "updated": 0
  },
  {
    "id": "bc8b581b-1c67-41b7-a4ee-eada4aa848f5",
    "data": [
      {
        "text": "Can you provide contact information for Campus Services",
        "userDefined": false
      }
    ],
    "isTemplate": false,
    "count": 0,
    "lang": "en",
    "updated": 0
  },
  {
    "id": "3bf153cf-807b-41ca-8832-8e55fc9d0462",
    "data": [
      {
        "text": "Campus Services",
        "userDefined": false
      }
    ],
    "isTemplate": false,
    "count": 0,
    "lang": "en",
    "updated": 0
  }
]