[
  {
    "id": "cbdccb92-a80c-48c3-b151-757c36abfee0",
    "data": [
      {
        "text": "are you able to send me a map of the campus",
        "userDefined": false
      }
    ],
    "isTemplate": false,
    "count": 0,
    "lang": "en",
    "updated": 0
  },
  {
    "id": "f072b7f0-9cf8-45ba-aebb-bb8ba3fa9dc7",
    "data": [
      {
        "text": "can you direct me to a campus map",
        "userDefined": false
      }
    ],
    "isTemplate": false,
    "count": 0,
    "lang": "en",
    "updated": 0
  },
  {
    "id": "f45b1662-07fd-4863-ae41-ca2b599b54ea",
    "data": [
      {
        "text": "do you have a map of the campus",
        "userDefined": false
      }
    ],
    "isTemplate": false,
    "count": 0,
    "lang": "en",
    "updated": 0
  },
  {
    "id": "f1f7d7f6-960e-4cba-954a-f3c60f25b6d3",
    "data": [
      {
        "text": "can you send me a campus map",
        "userDefined": false
      }
    ],
    "isTemplate": false,
    "count": 0,
    "lang": "en",
    "updated": 0
  },
  {
    "id": "609de3a4-4f2f-4c96-bf91-5a2d7160ed64",
    "data": [
      {
        "text": "campus map",
        "userDefined": false
      }
    ],
    "isTemplate": false,
    "count": 0,
    "lang": "en",
    "updated": 0
  }
]