[
  {
    "id": "4f9bd21a-9264-4b39-9665-7707fde4c2f1",
    "data": [
      {
        "text": "I require more help",
        "userDefined": false
      }
    ],
    "isTemplate": false,
    "count": 0,
    "lang": "en",
    "updated": 0
  },
  {
    "id": "574edacd-929a-4e31-b56a-ec461a7cf84a",
    "data": [
      {
        "text": "can you help me",
        "userDefined": false
      }
    ],
    "isTemplate": false,
    "count": 0,
    "lang": "en",
    "updated": 0
  },
  {
    "id": "ed55414a-ad2b-4314-ad34-8607685dfebd",
    "data": [
      {
        "text": "Do you need help with anything ",
        "userDefined": false
      },
      {
        "text": "else",
        "meta": "@sys.person",
        "alias": "person",
        "userDefined": false
      }
    ],
    "isTemplate": false,
    "count": 0,
    "lang": "en",
    "updated": 0
  },
  {
    "id": "90214720-0de8-4e34-8e03-426f46f242c9",
    "data": [
      {
        "text": "Can i help you with anything ",
        "userDefined": false
      },
      {
        "text": "else",
        "meta": "@sys.person",
        "alias": "person",
        "userDefined": false
      }
    ],
    "isTemplate": false,
    "count": 0,
    "lang": "en",
    "updated": 0
  }
]