[
  {
    "id": "82d30bb3-316d-4515-9de2-51884da65547",
    "data": [
      {
        "text": "Go back",
        "userDefined": false
      }
    ],
    "isTemplate": false,
    "count": 0,
    "lang": "en",
    "updated": 0
  },
  {
    "id": "a854a90e-5494-4a93-a2ce-2a6d22444dce",
    "data": [
      {
        "text": "yh it is",
        "userDefined": false
      }
    ],
    "isTemplate": false,
    "count": 0,
    "lang": "en",
    "updated": 0
  },
  {
    "id": "44cd2516-a0d1-41df-9cdf-5b3795addbef",
    "data": [
      {
        "text": "yes it is",
        "userDefined": false
      }
    ],
    "isTemplate": false,
    "count": 0,
    "lang": "en",
    "updated": 0
  },
  {
    "id": "7645b188-846c-4714-8dc7-fc24eaebc403",
    "data": [
      {
        "text": "yep",
        "userDefined": false
      }
    ],
    "isTemplate": false,
    "count": 0,
    "lang": "en",
    "updated": 0
  },
  {
    "id": "c17657ae-245a-456b-bb1c-b3d5bb9310a1",
    "data": [
      {
        "text": "Yes",
        "userDefined": false
      }
    ],
    "isTemplate": false,
    "count": 0,
    "lang": "en",
    "updated": 0
  }
]