[
  {
    "id": "f4a9826e-4621-4db3-9fec-e0ac8b9d4b1c",
    "data": [
      {
        "text": "covid 19",
        "userDefined": false
      }
    ],
    "isTemplate": false,
    "count": 1,
    "lang": "en",
    "updated": 0
  },
  {
    "id": "b7b3bcfd-393b-4ae8-bf60-f0082aae9c76",
    "data": [
      {
        "text": "questions regarding covid 19",
        "userDefined": false
      }
    ],
    "isTemplate": false,
    "count": 0,
    "lang": "en",
    "updated": 0
  },
  {
    "id": "c3816baa-c527-44c0-9f1a-21b1fdf247f0",
    "data": [
      {
        "text": "covid",
        "userDefined": false
      },
      {
        "text": "-19",
        "meta": "@sys.number",
        "alias": "number",
        "userDefined": false
      },
      {
        "text": " questions",
        "userDefined": false
      }
    ],
    "isTemplate": false,
    "count": 0,
    "lang": "en",
    "updated": 0
  },
  {
    "id": "42f21a71-375e-457d-85e0-8136bb220a25",
    "data": [
      {
        "text": "COVID-",
        "userDefined": false
      },
      {
        "text": "19",
        "meta": "@sys.number",
        "alias": "number",
        "userDefined": false
      },
      {
        "text": " queries",
        "userDefined": false
      }
    ],
    "isTemplate": false,
    "count": 0,
    "lang": "en",
    "updated": 0
  }
]