[
  {
    "id": "bc4f590a-86de-4bec-9082-b6f225b23df5",
    "data": [
      {
        "text": "daniele brown",
        "meta": "@sys.person",
        "alias": "person",
        "userDefined": false
      }
    ],
    "isTemplate": false,
    "count": 0,
    "lang": "en",
    "updated": 0
  },
  {
    "id": "59b83ccb-92dc-47a1-9861-052993176f39",
    "data": [
      {
        "text": "sports centre",
        "userDefined": false
      }
    ],
    "isTemplate": false,
    "count": 0,
    "lang": "en",
    "updated": 0
  },
  {
    "id": "168b6d96-5cc2-4894-9466-83cf0adea546",
    "data": [
      {
        "text": "how i get to the sports centre",
        "userDefined": false
      }
    ],
    "isTemplate": false,
    "count": 1,
    "lang": "en",
    "updated": 0
  },
  {
    "id": "1aa8705f-4163-4a4d-b2ae-eb906eaf7eca",
    "data": [
      {
        "text": "how do i get to  ",
        "userDefined": false
      },
      {
        "text": "Danielle Brown Sports Centre",
        "meta": "@BuildingNames",
        "alias": "buildingnames",
        "userDefined": false
      }
    ],
    "isTemplate": false,
    "count": 0,
    "lang": "en",
    "updated": 0
  },
  {
    "id": "80f0d09d-7c50-456c-a3ce-aae8018a6059",
    "data": [
      {
        "text": "directions to ",
        "userDefined": false
      },
      {
        "text": "Danielle Brown Sports Centre",
        "meta": "@BuildingNames",
        "alias": "buildingnames",
        "userDefined": false
      }
    ],
    "isTemplate": false,
    "count": 0,
    "lang": "en",
    "updated": 0
  },
  {
    "id": "14c1a4b0-22ae-4dba-b484-4824f015e6f8",
    "data": [
      {
        "text": "where is ",
        "userDefined": false
      },
      {
        "text": "Danielle Brown Sports Centre",
        "meta": "@BuildingNames",
        "alias": "buildingnames",
        "userDefined": false
      }
    ],
    "isTemplate": false,
    "count": 0,
    "lang": "en",
    "updated": 0
  },
  {
    "id": "1ba7ce6f-7c41-46ed-9b8c-819061da931f",
    "data": [
      {
        "text": "Danielle Brown Sports Centre",
        "meta": "@BuildingNames",
        "alias": "buildingnames",
        "userDefined": false
      }
    ],
    "isTemplate": false,
    "count": 0,
    "lang": "en",
    "updated": 0
  }
]