[
  {
    "id": "9dd87d8c-4496-4616-8c6e-16e84e5ca1b8",
    "data": [
      {
        "text": "david wlson",
        "meta": "@sys.person",
        "alias": "person",
        "userDefined": false
      }
    ],
    "isTemplate": false,
    "count": 0,
    "lang": "en",
    "updated": 0
  },
  {
    "id": "76f66f22-1b5f-4d6b-804f-83b3b13dd222",
    "data": [
      {
        "text": "david wilson",
        "meta": "@sys.person",
        "alias": "person",
        "userDefined": false
      }
    ],
    "isTemplate": false,
    "count": 0,
    "lang": "en",
    "updated": 0
  },
  {
    "id": "b1b823df-d1e8-454b-a0c5-0855f2b938b0",
    "data": [
      {
        "text": "davd wilson",
        "meta": "@sys.person",
        "alias": "person",
        "userDefined": false
      }
    ],
    "isTemplate": false,
    "count": 0,
    "lang": "en",
    "updated": 0
  },
  {
    "id": "4dddc6aa-86fd-4a21-a6ce-3925826c5254",
    "data": [
      {
        "text": "how do i get to ",
        "userDefined": false
      },
      {
        "text": "David Wilson Library",
        "meta": "@BuildingNames",
        "alias": "buildingnames",
        "userDefined": false
      }
    ],
    "isTemplate": false,
    "count": 0,
    "lang": "en",
    "updated": 0
  },
  {
    "id": "bb8a44db-4706-4555-8a14-ad7d9b7172b0",
    "data": [
      {
        "text": "how i get to the library",
        "userDefined": false
      }
    ],
    "isTemplate": false,
    "count": 0,
    "lang": "en",
    "updated": 0
  },
  {
    "id": "019d5ac1-ecfc-4d6e-a24c-f250e5bd3da8",
    "data": [
      {
        "text": "where is the ",
        "userDefined": false
      },
      {
        "text": "David Wilson Library",
        "meta": "@BuildingNames",
        "alias": "buildingnames",
        "userDefined": false
      }
    ],
    "isTemplate": false,
    "count": 0,
    "lang": "en",
    "updated": 0
  },
  {
    "id": "ccc6cdfd-b14c-4110-a899-7c85d2147404",
    "data": [
      {
        "text": "can you direct me to the ",
        "userDefined": false
      },
      {
        "text": "David Wilson Library",
        "meta": "@BuildingNames",
        "alias": "buildingnames",
        "userDefined": false
      },
      {
        "text": " (",
        "userDefined": false
      },
      {
        "text": "DW",
        "meta": "@sys.person",
        "alias": "person",
        "userDefined": false
      },
      {
        "text": ")",
        "userDefined": false
      }
    ],
    "isTemplate": false,
    "count": 0,
    "lang": "en",
    "updated": 0
  },
  {
    "id": "6bb2e16b-f034-42c6-96c2-520d24368e77",
    "data": [
      {
        "text": "David Wilson Library",
        "meta": "@BuildingNames",
        "alias": "buildingnames",
        "userDefined": false
      }
    ],
    "isTemplate": false,
    "count": 0,
    "lang": "en",
    "updated": 0
  }
]