[
  {
    "id": "929656cb-8a97-42f8-b413-3d5b8d546f25",
    "data": [
      {
        "text": "can you direct me to ",
        "userDefined": false
      },
      {
        "text": "De Montfort Hall",
        "meta": "@BuildingNames",
        "alias": "buildingnames",
        "userDefined": false
      }
    ],
    "isTemplate": false,
    "count": 0,
    "lang": "en",
    "updated": 0
  },
  {
    "id": "aac0e34c-c3d5-443f-aa90-a18760d423ed",
    "data": [
      {
        "text": "where is the ",
        "userDefined": false
      },
      {
        "text": "De Montfort Hall",
        "meta": "@BuildingNames",
        "alias": "buildingnames",
        "userDefined": false
      }
    ],
    "isTemplate": false,
    "count": 0,
    "lang": "en",
    "updated": 0
  },
  {
    "id": "36c65adb-21ea-4b16-a344-773201d8b8a4",
    "data": [
      {
        "text": "De Montfort Hall",
        "meta": "@BuildingNames",
        "alias": "buildingnames",
        "userDefined": false
      }
    ],
    "isTemplate": false,
    "count": 0,
    "lang": "en",
    "updated": 0
  }
]