[
  {
    "id": "6eacf515-7110-4a5c-9cfb-b181826cc26a",
    "data": [
      {
        "text": "how do i get to Engineering",
        "userDefined": false
      }
    ],
    "isTemplate": false,
    "count": 0,
    "lang": "en",
    "updated": 0
  },
  {
    "id": "74fbf957-2423-45e0-8672-d78e1f57bb2e",
    "data": [
      {
        "text": "how i get to the ",
        "userDefined": false
      },
      {
        "text": "Engineering Building",
        "meta": "@BuildingNames",
        "alias": "buildingnames",
        "userDefined": false
      }
    ],
    "isTemplate": false,
    "count": 0,
    "lang": "en",
    "updated": 0
  },
  {
    "id": "7d40ff1c-f007-4943-ab48-a1abb297fce9",
    "data": [
      {
        "text": "ENG",
        "userDefined": false
      }
    ],
    "isTemplate": false,
    "count": 0,
    "lang": "en",
    "updated": 0
  },
  {
    "id": "dffaf667-32b2-494b-80da-99027ec8a975",
    "data": [
      {
        "text": "where is the ",
        "userDefined": false
      },
      {
        "text": "Engineering Building",
        "meta": "@BuildingNames",
        "alias": "buildingnames",
        "userDefined": false
      }
    ],
    "isTemplate": false,
    "count": 0,
    "lang": "en",
    "updated": 0
  },
  {
    "id": "12eb5e95-acbc-40e6-8583-5403e3c74023",
    "data": [
      {
        "text": "can you direct me to the ",
        "userDefined": false
      },
      {
        "text": "Engineering Building",
        "meta": "@BuildingNames",
        "alias": "buildingnames",
        "userDefined": false
      }
    ],
    "isTemplate": false,
    "count": 0,
    "lang": "en",
    "updated": 0
  },
  {
    "id": "7acd65bb-7581-46c3-a1f6-b2e25fb3893c",
    "data": [
      {
        "text": "Engineering Building",
        "meta": "@BuildingNames",
        "alias": "buildingnames",
        "userDefined": false
      }
    ],
    "isTemplate": false,
    "count": 0,
    "lang": "en",
    "updated": 0
  }
]