[
  {
    "id": "80593058-15ee-4813-92ca-dd1596c5e62c",
    "data": [
      {
        "text": "feilding",
        "meta": "@sys.geo-city",
        "alias": "geo-city",
        "userDefined": false
      },
      {
        "text": " johnson building",
        "userDefined": false
      }
    ],
    "isTemplate": false,
    "count": 0,
    "lang": "en",
    "updated": 0
  },
  {
    "id": "388cb91c-a636-4be4-ab4f-ac8efa4de690",
    "data": [
      {
        "text": "feildin johonson",
        "meta": "@sys.person",
        "alias": "person",
        "userDefined": false
      }
    ],
    "isTemplate": false,
    "count": 0,
    "lang": "en",
    "updated": 0
  },
  {
    "id": "9ff3c20a-03a4-4174-9ce0-568b5a9ff7bf",
    "data": [
      {
        "text": "feilding",
        "meta": "@sys.geo-city",
        "alias": "geo-city",
        "userDefined": false
      },
      {
        "text": " jhonson",
        "userDefined": false
      }
    ],
    "isTemplate": false,
    "count": 0,
    "lang": "en",
    "updated": 0
  },
  {
    "id": "e7422b6d-5817-41fa-b979-ee8aa534d952",
    "data": [
      {
        "text": "how do i get to ",
        "userDefined": false
      },
      {
        "text": "Fielding Johnson Building",
        "meta": "@BuildingNames",
        "alias": "buildingnames",
        "userDefined": false
      }
    ],
    "isTemplate": false,
    "count": 0,
    "lang": "en",
    "updated": 0
  },
  {
    "id": "f2eabbfa-29eb-41c4-a2b5-f0e0341f5298",
    "data": [
      {
        "text": "can you direct me to the ",
        "userDefined": false
      },
      {
        "text": "Fielding Johnson Building",
        "meta": "@BuildingNames",
        "alias": "buildingnames",
        "userDefined": false
      }
    ],
    "isTemplate": false,
    "count": 0,
    "lang": "en",
    "updated": 0
  },
  {
    "id": "1e935df1-a9a7-43f5-8e55-234a266ad722",
    "data": [
      {
        "text": "where is the ",
        "userDefined": false
      },
      {
        "text": "Fielding Johnson Building",
        "meta": "@BuildingNames",
        "alias": "buildingnames",
        "userDefined": false
      }
    ],
    "isTemplate": false,
    "count": 0,
    "lang": "en",
    "updated": 0
  },
  {
    "id": "b9c33f7a-8390-44e3-a840-325c53ce6ee8",
    "data": [
      {
        "text": "Fielding Johnson Building",
        "meta": "@BuildingNames",
        "alias": "buildingnames",
        "userDefined": false
      }
    ],
    "isTemplate": false,
    "count": 0,
    "lang": "en",
    "updated": 0
  }
]