[
  {
    "id": "c2111430-3c8c-4b10-9208-03f97dc3e090",
    "data": [
      {
        "text": "how i get to ",
        "userDefined": false
      },
      {
        "text": "Fraser Noble Building",
        "meta": "@BuildingNames",
        "alias": "buildingnames",
        "userDefined": false
      }
    ],
    "isTemplate": false,
    "count": 0,
    "lang": "en",
    "updated": 0
  },
  {
    "id": "7c5cd2ea-3a88-4d9b-8ef4-6570e3fed73d",
    "data": [
      {
        "text": "can you direct me to the ",
        "userDefined": false
      },
      {
        "text": "Fraser Noble Building",
        "meta": "@BuildingNames",
        "alias": "buildingnames",
        "userDefined": false
      }
    ],
    "isTemplate": false,
    "count": 0,
    "lang": "en",
    "updated": 0
  },
  {
    "id": "8a4da0ba-3330-490f-8ba2-eddc3abfbad0",
    "data": [
      {
        "text": "where is the ",
        "userDefined": false
      },
      {
        "text": "Fraser Noble Building",
        "meta": "@BuildingNames",
        "alias": "buildingnames",
        "userDefined": false
      }
    ],
    "isTemplate": false,
    "count": 0,
    "lang": "en",
    "updated": 0
  },
  {
    "id": "e2e84b73-f930-407f-bebd-4743a7640c39",
    "data": [
      {
        "text": "Fraser Noble Building",
        "meta": "@BuildingNames",
        "alias": "buildingnames",
        "userDefined": false
      }
    ],
    "isTemplate": false,
    "count": 0,
    "lang": "en",
    "updated": 0
  }
]