[
  {
    "id": "d4d642a8-8c01-41a4-bdd5-234f81e1f233",
    "data": [
      {
        "text": "geroge daves",
        "meta": "@sys.person",
        "alias": "person",
        "userDefined": false
      },
      {
        "text": " centre",
        "userDefined": false
      }
    ],
    "isTemplate": false,
    "count": 0,
    "lang": "en",
    "updated": 0
  },
  {
    "id": "7ba0436e-a8da-4637-b832-3ac88a554a85",
    "data": [
      {
        "text": "george daves",
        "meta": "@sys.person",
        "alias": "person",
        "userDefined": false
      }
    ],
    "isTemplate": false,
    "count": 0,
    "lang": "en",
    "updated": 0
  },
  {
    "id": "024f58a8-7921-42c6-a344-b1cd2eee1389",
    "data": [
      {
        "text": "how do i get to ",
        "userDefined": false
      },
      {
        "text": "George Davies Centre",
        "meta": "@BuildingNames",
        "alias": "buildingnames",
        "userDefined": false
      }
    ],
    "isTemplate": false,
    "count": 0,
    "lang": "en",
    "updated": 0
  },
  {
    "id": "9f13db67-e9f8-42ce-87de-f315a83c8610",
    "data": [
      {
        "text": "can you direct me to the ",
        "userDefined": false
      },
      {
        "text": "George Davies Centre",
        "meta": "@BuildingNames",
        "alias": "buildingnames",
        "userDefined": false
      }
    ],
    "isTemplate": false,
    "count": 0,
    "lang": "en",
    "updated": 0
  },
  {
    "id": "2d8dfd42-ec13-49e0-bc55-1c7b57807413",
    "data": [
      {
        "text": "where is the ",
        "userDefined": false
      },
      {
        "text": "George Davies Centre",
        "meta": "@BuildingNames",
        "alias": "buildingnames",
        "userDefined": false
      }
    ],
    "isTemplate": false,
    "count": 0,
    "lang": "en",
    "updated": 0
  },
  {
    "id": "c630cc6b-e898-48d6-a146-47fc7c59942a",
    "data": [
      {
        "text": "GDC",
        "userDefined": false
      }
    ],
    "isTemplate": false,
    "count": 0,
    "lang": "en",
    "updated": 0
  },
  {
    "id": "3adeb17e-9a2c-4d53-8d61-899cf3b63b10",
    "data": [
      {
        "text": "George Davies Centre",
        "meta": "@BuildingNames",
        "alias": "buildingnames",
        "userDefined": false
      },
      {
        "text": " (GDC)",
        "userDefined": false
      }
    ],
    "isTemplate": false,
    "count": 0,
    "lang": "en",
    "updated": 0
  }
]