[
  {
    "id": "b21b8aed-0e5e-4c6d-86f4-122d9e90f420",
    "data": [
      {
        "text": "jama",
        "meta": "@sys.any",
        "alias": "name",
        "userDefined": true
      }
    ],
    "isTemplate": false,
    "count": 0,
    "lang": "en",
    "updated": 0
  },
  {
    "id": "96c6af48-f536-4166-944e-b14ebc270ea3",
    "data": [
      {
        "text": "Tomasz",
        "meta": "@sys.any",
        "alias": "name",
        "userDefined": false
      }
    ],
    "isTemplate": false,
    "count": 0,
    "lang": "en",
    "updated": 0
  },
  {
    "id": "42a7da33-8ff2-406c-aaa0-a3aca26fe4f4",
    "data": [
      {
        "text": "priya",
        "meta": "@sys.any",
        "alias": "name",
        "userDefined": false
      }
    ],
    "isTemplate": false,
    "count": 0,
    "lang": "en",
    "updated": 0
  },
  {
    "id": "6439687e-4585-49ab-adfc-d7862c35498a",
    "data": [
      {
        "text": "tobias",
        "meta": "@sys.any",
        "alias": "name",
        "userDefined": false
      }
    ],
    "isTemplate": false,
    "count": 0,
    "lang": "en",
    "updated": 0
  }
]