[
  {
    "id": "0e519e37-82dd-4755-b961-bf8529132592",
    "data": [
      {
        "text": "Yahaya",
        "meta": "@sys.given-name",
        "alias": "name",
        "userDefined": false
      }
    ],
    "isTemplate": false,
    "count": 0,
    "lang": "en",
    "updated": 0
  },
  {
    "id": "9d8bf41a-5362-4277-88aa-07e0f6efaf7a",
    "data": [
      {
        "text": "Nicole Yap",
        "meta": "@sys.given-name",
        "alias": "name",
        "userDefined": false
      }
    ],
    "isTemplate": false,
    "count": 0,
    "lang": "en",
    "updated": 0
  },
  {
    "id": "62a129d0-6e44-4241-acd1-58cf1b0e9a3f",
    "data": [
      {
        "text": "Effie law",
        "meta": "@sys.given-name",
        "alias": "name",
        "userDefined": false
      }
    ],
    "isTemplate": false,
    "count": 0,
    "lang": "en",
    "updated": 0
  },
  {
    "id": "4e9fdfd8-4926-4600-9494-26bc3af419ad",
    "data": [
      {
        "text": "Josh",
        "meta": "@sys.given-name",
        "alias": "name",
        "userDefined": false
      }
    ],
    "isTemplate": false,
    "count": 0,
    "lang": "en",
    "updated": 0
  },
  {
    "id": "86f6cfd8-18ff-4020-994d-97dcb8ba10b3",
    "data": [
      {
        "text": "Peter",
        "meta": "@sys.given-name",
        "alias": "name",
        "userDefined": false
      }
    ],
    "isTemplate": false,
    "count": 0,
    "lang": "en",
    "updated": 0
  }
]