[
  {
    "id": "e5391817-44bd-4606-9c71-daafe74ddce8",
    "data": [
      {
        "text": "can you direct me ",
        "userDefined": false
      },
      {
        "text": "Victoria",
        "meta": "@sys.person",
        "alias": "person",
        "userDefined": false
      },
      {
        "text": " Park Health Centre",
        "userDefined": false
      }
    ],
    "isTemplate": false,
    "count": 0,
    "lang": "en",
    "updated": 0
  },
  {
    "id": "b64f3bcd-4a0c-471c-a547-39f0699975a6",
    "data": [
      {
        "text": "location of the ",
        "userDefined": false
      },
      {
        "text": "Victoria",
        "meta": "@sys.person",
        "alias": "person",
        "userDefined": false
      },
      {
        "text": " Park Health Centre",
        "userDefined": false
      }
    ],
    "isTemplate": false,
    "count": 0,
    "lang": "en",
    "updated": 0
  },
  {
    "id": "6a2532b9-1990-4609-82cc-9e83c6f233a4",
    "data": [
      {
        "text": "where is the ",
        "userDefined": false
      },
      {
        "text": "gp",
        "meta": "@sys.person",
        "alias": "person",
        "userDefined": false
      },
      {
        "text": " located at",
        "userDefined": false
      }
    ],
    "isTemplate": false,
    "count": 0,
    "lang": "en",
    "updated": 0
  }
]