[
  {
    "id": "49ce2408-e29c-460d-bbc7-ba0bc6059058",
    "data": [
      {
        "text": "How to register with a doctor",
        "userDefined": false
      }
    ],
    "isTemplate": false,
    "count": 0,
    "lang": "en",
    "updated": 0
  },
  {
    "id": "94c9ca46-c5e7-4d67-a90b-70dd49c35ade",
    "data": [
      {
        "text": "is my ",
        "userDefined": false
      },
      {
        "text": "gp",
        "meta": "@sys.person",
        "alias": "person",
        "userDefined": false
      },
      {
        "text": " ",
        "userDefined": false
      },
      {
        "text": "Victoria",
        "meta": "@sys.person",
        "alias": "person",
        "userDefined": false
      },
      {
        "text": " Park Health Centre",
        "userDefined": false
      }
    ],
    "isTemplate": false,
    "count": 0,
    "lang": "en",
    "updated": 0
  },
  {
    "id": "fae9c5f8-9971-42a6-bf03-80d703c0e7d6",
    "data": [
      {
        "text": "Victoria",
        "meta": "@sys.person",
        "alias": "person",
        "userDefined": false
      },
      {
        "text": " Park Health Centre",
        "userDefined": false
      }
    ],
    "isTemplate": false,
    "count": 0,
    "lang": "en",
    "updated": 0
  },
  {
    "id": "e8848123-e5d2-424b-ac64-913eab5dfb33",
    "data": [
      {
        "text": "gp",
        "meta": "@sys.person",
        "alias": "person",
        "userDefined": false
      }
    ],
    "isTemplate": false,
    "count": 0,
    "lang": "en",
    "updated": 0
  },
  {
    "id": "55390d24-159d-464e-b842-f7cb6ccf8e68",
    "data": [
      {
        "text": "what is my ",
        "userDefined": false
      },
      {
        "text": "gp",
        "meta": "@sys.person",
        "alias": "person",
        "userDefined": false
      },
      {
        "text": " in ",
        "userDefined": false
      },
      {
        "text": "leicester",
        "meta": "@sys.geo-city",
        "alias": "geo-city",
        "userDefined": false
      }
    ],
    "isTemplate": false,
    "count": 0,
    "lang": "en",
    "updated": 0
  },
  {
    "id": "7d26b267-f44c-4fdc-8f54-033aad4ce795",
    "data": [
      {
        "text": "where is the university ",
        "userDefined": false
      },
      {
        "text": "gp",
        "meta": "@sys.person",
        "alias": "person",
        "userDefined": false
      }
    ],
    "isTemplate": false,
    "count": 0,
    "lang": "en",
    "updated": 0
  },
  {
    "id": "74498686-cfc6-46e6-a7f9-a1b49d8d42eb",
    "data": [
      {
        "text": "can you give me information about ",
        "userDefined": false
      },
      {
        "text": "gp",
        "meta": "@sys.person",
        "alias": "person",
        "userDefined": false
      }
    ],
    "isTemplate": false,
    "count": 0,
    "lang": "en",
    "updated": 0
  }
]