[
  {
    "id": "03519fda-3ef5-432b-b33e-c874751ff753",
    "data": [
      {
        "text": "gp",
        "meta": "@sys.person",
        "alias": "person",
        "userDefined": false
      },
      {
        "text": " services",
        "userDefined": false
      }
    ],
    "isTemplate": false,
    "count": 0,
    "lang": "en",
    "updated": 0
  },
  {
    "id": "16c6a880-280e-4a93-9fac-c06353c5a3f3",
    "data": [
      {
        "text": "GP",
        "meta": "@sys.person",
        "alias": "person",
        "userDefined": false
      },
      {
        "text": " serivces",
        "userDefined": false
      }
    ],
    "isTemplate": false,
    "count": 0,
    "lang": "en",
    "updated": 0
  }
]