[
  {
    "id": "ccd38f34-284c-4fe3-9715-72012de4b84e",
    "data": [
      {
        "text": "henry welcom",
        "meta": "@sys.person",
        "alias": "person",
        "userDefined": false
      }
    ],
    "isTemplate": false,
    "count": 0,
    "lang": "en",
    "updated": 0
  },
  {
    "id": "8d63b029-5d1f-4801-b2ed-b24d4140eb36",
    "data": [
      {
        "text": "henry welcome",
        "meta": "@sys.person",
        "alias": "person",
        "userDefined": false
      }
    ],
    "isTemplate": false,
    "count": 0,
    "lang": "en",
    "updated": 0
  },
  {
    "id": "c04f6140-b73e-40c2-8d1a-17dcd13690de",
    "data": [
      {
        "text": "how do i get to ",
        "userDefined": false
      },
      {
        "text": "Henry Wellcome",
        "meta": "@sys.person",
        "alias": "person",
        "userDefined": false
      }
    ],
    "isTemplate": false,
    "count": 0,
    "lang": "en",
    "updated": 0
  },
  {
    "id": "38a1b15c-6e2d-4b09-860b-b40b32697959",
    "data": [
      {
        "text": "can you direct me to the ",
        "userDefined": false
      },
      {
        "text": "Henry Wellcome",
        "meta": "@sys.person",
        "alias": "person",
        "userDefined": false
      },
      {
        "text": " building",
        "userDefined": false
      }
    ],
    "isTemplate": false,
    "count": 0,
    "lang": "en",
    "updated": 0
  },
  {
    "id": "6045a092-5db8-47ab-9e01-4b1c7421b1f9",
    "data": [
      {
        "text": "where is the ",
        "userDefined": false
      },
      {
        "text": "Henry Wellcome",
        "meta": "@sys.person",
        "alias": "person",
        "userDefined": false
      },
      {
        "text": " building",
        "userDefined": false
      }
    ],
    "isTemplate": false,
    "count": 0,
    "lang": "en",
    "updated": 0
  },
  {
    "id": "603ffbea-905b-4921-94e1-ceb40842a2a6",
    "data": [
      {
        "text": "HW",
        "meta": "@sys.person",
        "alias": "person",
        "userDefined": false
      }
    ],
    "isTemplate": false,
    "count": 0,
    "lang": "en",
    "updated": 0
  },
  {
    "id": "61d24889-bf6d-4614-a9d3-193aba5b05d1",
    "data": [
      {
        "text": "Henry Wellcome",
        "meta": "@sys.person",
        "alias": "person",
        "userDefined": false
      },
      {
        "text": " (",
        "userDefined": false
      },
      {
        "text": "HW",
        "meta": "@sys.person",
        "alias": "person",
        "userDefined": false
      },
      {
        "text": ")",
        "userDefined": false
      }
    ],
    "isTemplate": false,
    "count": 0,
    "lang": "en",
    "updated": 0
  }
]