[
  {
    "id": "d5517ac9-4481-4258-8418-fe3698b2b45d",
    "data": [
      {
        "text": "hogkin",
        "userDefined": false
      }
    ],
    "isTemplate": false,
    "count": 0,
    "lang": "en",
    "updated": 0
  },
  {
    "id": "8f59c62e-d0e1-4cb9-8327-7cf004584f8c",
    "data": [
      {
        "text": "hogkin building",
        "userDefined": false
      }
    ],
    "isTemplate": false,
    "count": 0,
    "lang": "en",
    "updated": 0
  },
  {
    "id": "19af0b41-4799-42c1-ab3f-7cbb181fcb06",
    "data": [
      {
        "text": "how do i get to ",
        "userDefined": false
      },
      {
        "text": "Hodgkin Building",
        "meta": "@BuildingNames",
        "alias": "buildingnames",
        "userDefined": false
      }
    ],
    "isTemplate": false,
    "count": 0,
    "lang": "en",
    "updated": 0
  },
  {
    "id": "9653fa6c-a14b-4d0a-b416-843ed91ab3c1",
    "data": [
      {
        "text": "where is the ",
        "userDefined": false
      },
      {
        "text": "Hodgkin Building",
        "meta": "@BuildingNames",
        "alias": "buildingnames",
        "userDefined": false
      }
    ],
    "isTemplate": false,
    "count": 0,
    "lang": "en",
    "updated": 0
  },
  {
    "id": "86f88901-c83d-4755-b272-763e4dedd103",
    "data": [
      {
        "text": "can you direct me to the ",
        "userDefined": false
      },
      {
        "text": "Hodgkin Building",
        "meta": "@BuildingNames",
        "alias": "buildingnames",
        "userDefined": false
      }
    ],
    "isTemplate": false,
    "count": 0,
    "lang": "en",
    "updated": 0
  },
  {
    "id": "b9d664fd-6a37-4d53-81c0-b98aa1d64856",
    "data": [
      {
        "text": "Hodgkin Building",
        "meta": "@BuildingNames",
        "alias": "buildingnames",
        "userDefined": false
      }
    ],
    "isTemplate": false,
    "count": 0,
    "lang": "en",
    "updated": 0
  }
]