[
  {
    "id": "0b5cf4b8-53d8-48e2-befd-6bef82cf032d",
    "data": [
      {
        "text": "how i get to ",
        "userDefined": false
      },
      {
        "text": "Informatics Building",
        "meta": "@BuildingNames",
        "alias": "buildingnames",
        "userDefined": false
      }
    ],
    "isTemplate": false,
    "count": 1,
    "lang": "en",
    "updated": 0
  },
  {
    "id": "86f5b179-b008-407c-a496-8cc3ea3853f2",
    "data": [
      {
        "text": "school of informatics",
        "userDefined": false
      }
    ],
    "isTemplate": false,
    "count": 0,
    "lang": "en",
    "updated": 0
  },
  {
    "id": "ef669818-d4f4-4051-9710-475fa34794d1",
    "data": [
      {
        "text": "direct me to the ",
        "userDefined": false
      },
      {
        "text": "Informatics Building",
        "meta": "@BuildingNames",
        "alias": "buildingnames",
        "userDefined": false
      }
    ],
    "isTemplate": false,
    "count": 0,
    "lang": "en",
    "updated": 0
  },
  {
    "id": "00b55d35-c029-4a19-ace1-52184aba4aea",
    "data": [
      {
        "text": "where is the ",
        "userDefined": false
      },
      {
        "text": "Informatics Building",
        "meta": "@BuildingNames",
        "alias": "buildingnames",
        "userDefined": false
      }
    ],
    "isTemplate": false,
    "count": 0,
    "lang": "en",
    "updated": 0
  },
  {
    "id": "4d01240a-fd49-45d8-8edc-039734edd2bc",
    "data": [
      {
        "text": "Informatics Building",
        "meta": "@BuildingNames",
        "alias": "buildingnames",
        "userDefined": false
      }
    ],
    "isTemplate": false,
    "count": 0,
    "lang": "en",
    "updated": 0
  }
]