[
  {
    "id": "515c52e5-c9ce-4974-b53f-324771a1c3f3",
    "data": [
      {
        "text": "Knock-Knock",
        "userDefined": false
      }
    ],
    "isTemplate": false,
    "count": 0,
    "lang": "en",
    "updated": 0
  },
  {
    "id": "b536ca2b-a8da-4723-86a0-390376735f42",
    "data": [
      {
        "text": "are you funny",
        "userDefined": false
      }
    ],
    "isTemplate": false,
    "count": 0,
    "lang": "en",
    "updated": 0
  },
  {
    "id": "04dd919e-129a-43d9-8c47-6e38ee1238f1",
    "data": [
      {
        "text": "whats up",
        "userDefined": false
      }
    ],
    "isTemplate": false,
    "count": 0,
    "lang": "en",
    "updated": 0
  },
  {
    "id": "19d3f56a-ac09-4c91-9383-c0a21c9656b8",
    "data": [
      {
        "text": "are you ",
        "userDefined": false
      },
      {
        "text": "roe",
        "meta": "@sys.person",
        "alias": "person",
        "userDefined": false
      },
      {
        "text": "-bot",
        "userDefined": false
      }
    ],
    "isTemplate": false,
    "count": 0,
    "lang": "en",
    "updated": 0
  },
  {
    "id": "9bcfeb9d-fd9e-499f-82f7-b544682d87ce",
    "data": [
      {
        "text": "do you tell jokes",
        "userDefined": false
      }
    ],
    "isTemplate": false,
    "count": 0,
    "lang": "en",
    "updated": 0
  },
  {
    "id": "7e3b2a28-7dca-4c14-9714-1c535e98a8bb",
    "data": [
      {
        "text": "Tell me a joke",
        "userDefined": false
      }
    ],
    "isTemplate": false,
    "count": 0,
    "lang": "en",
    "updated": 0
  }
]