[
  {
    "id": "6cf553e3-35d4-4275-9797-45c4e3347a8e",
    "data": [
      {
        "text": "ken edward",
        "meta": "@sys.person",
        "alias": "person",
        "userDefined": false
      }
    ],
    "isTemplate": false,
    "count": 0,
    "lang": "en",
    "updated": 0
  },
  {
    "id": "d99403b6-e014-4780-be39-ab30bede4fd8",
    "data": [
      {
        "text": "how i get to ",
        "userDefined": false
      },
      {
        "text": "ken edwards",
        "meta": "@sys.person",
        "alias": "person",
        "userDefined": false
      }
    ],
    "isTemplate": false,
    "count": 0,
    "lang": "en",
    "updated": 0
  },
  {
    "id": "8dad5d80-648d-4dfb-b78a-c6ca2490ae9a",
    "data": [
      {
        "text": "how i get to ",
        "userDefined": false
      },
      {
        "text": "ken edwards",
        "meta": "@sys.person",
        "alias": "person",
        "userDefined": false
      },
      {
        "text": " building",
        "userDefined": false
      }
    ],
    "isTemplate": false,
    "count": 0,
    "lang": "en",
    "updated": 0
  },
  {
    "id": "eef45743-5f3a-4398-adee-294872dadcdd",
    "data": [
      {
        "text": "can you direct me towards ",
        "userDefined": false
      },
      {
        "text": "ken edwards",
        "meta": "@sys.person",
        "alias": "person",
        "userDefined": false
      },
      {
        "text": " building",
        "userDefined": false
      }
    ],
    "isTemplate": false,
    "count": 0,
    "lang": "en",
    "updated": 0
  },
  {
    "id": "06707f8c-94c0-496f-9b26-847c92351b2e",
    "data": [
      {
        "text": "where is ",
        "userDefined": false
      },
      {
        "text": "ken edwards",
        "meta": "@sys.person",
        "alias": "person",
        "userDefined": false
      },
      {
        "text": " building",
        "userDefined": false
      }
    ],
    "isTemplate": false,
    "count": 0,
    "lang": "en",
    "updated": 0
  },
  {
    "id": "dfa0e9c5-5295-4c45-89de-bc0337f00095",
    "data": [
      {
        "text": "ken edwards",
        "meta": "@sys.person",
        "alias": "person",
        "userDefined": false
      }
    ],
    "isTemplate": false,
    "count": 0,
    "lang": "en",
    "updated": 0
  },
  {
    "id": "e04cbca6-e0e3-4d58-9fe1-84ac3788d8ef",
    "data": [
      {
        "text": "ken edwards",
        "meta": "@sys.person",
        "alias": "person",
        "userDefined": false
      },
      {
        "text": " building",
        "userDefined": false
      }
    ],
    "isTemplate": false,
    "count": 0,
    "lang": "en",
    "updated": 0
  }
]