[
  {
    "id": "46a474f1-3f6e-425c-b36f-33fb4d31331c",
    "data": [
      {
        "text": "an",
        "userDefined": false
      }
    ],
    "isTemplate": false,
    "count": 0,
    "lang": "en",
    "updated": 0
  },
  {
    "id": "215b11b1-bf85-40e0-94f3-b55947d86940",
    "data": [
      {
        "text": "another knock knock jokes",
        "userDefined": false
      }
    ],
    "isTemplate": false,
    "count": 0,
    "lang": "en",
    "updated": 0
  },
  {
    "id": "725c18e2-a464-4b26-adbe-12eb696e98b4",
    "data": [
      {
        "text": "do you do knock knock jokes",
        "userDefined": false
      }
    ],
    "isTemplate": false,
    "count": 0,
    "lang": "en",
    "updated": 0
  },
  {
    "id": "ab4bc4e2-6e70-46b8-96da-4dac5a6fb652",
    "data": [
      {
        "text": "knock knock jokes",
        "userDefined": false
      }
    ],
    "isTemplate": false,
    "count": 0,
    "lang": "en",
    "updated": 0
  },
  {
    "id": "ba7fe549-90eb-4400-8ea0-a8031d23488e",
    "data": [
      {
        "text": "Knock Knock",
        "userDefined": false
      }
    ],
    "isTemplate": false,
    "count": 0,
    "lang": "en",
    "updated": 0
  }
]