[
  {
    "id": "07929aa1-80e0-4a5c-9cfe-f2971a61dfcd",
    "data": [
      {
        "text": "is the library open ",
        "userDefined": false
      },
      {
        "text": "today",
        "meta": "@sys.date-time",
        "alias": "date-time",
        "userDefined": false
      }
    ],
    "isTemplate": false,
    "count": 0,
    "lang": "en",
    "updated": 0
  },
  {
    "id": "646c5882-12f5-45bb-a5b2-b0410436905c",
    "data": [
      {
        "text": "what is the opening and closing time of ",
        "userDefined": false
      },
      {
        "text": "david wilson library",
        "meta": "@BuildingNames",
        "alias": "buildingnames",
        "userDefined": false
      },
      {
        "text": "?",
        "userDefined": false
      }
    ],
    "isTemplate": false,
    "count": 0,
    "lang": "en",
    "updated": 0
  },
  {
    "id": "7623e7ed-b6c2-41a1-ab33-f1aa101db032",
    "data": [
      {
        "text": "what time does ",
        "userDefined": false
      },
      {
        "text": "david wilson",
        "meta": "@sys.person",
        "alias": "person",
        "userDefined": false
      },
      {
        "text": " close",
        "userDefined": false
      }
    ],
    "isTemplate": false,
    "count": 0,
    "lang": "en",
    "updated": 0
  },
  {
    "id": "b2e93aae-ac05-4b88-8978-5a30a09fa529",
    "data": [
      {
        "text": "what is the opening and closing times of the library",
        "userDefined": false
      }
    ],
    "isTemplate": false,
    "count": 0,
    "lang": "en",
    "updated": 0
  },
  {
    "id": "c89d7472-bd52-4c5a-9d38-5598ce008fcc",
    "data": [
      {
        "text": "what time does the library close",
        "userDefined": false
      }
    ],
    "isTemplate": false,
    "count": 0,
    "lang": "en",
    "updated": 0
  },
  {
    "id": "cfc4a323-d876-4138-a080-64e2988c98c0",
    "data": [
      {
        "text": "what is ",
        "userDefined": false
      },
      {
        "text": "david wilson library",
        "meta": "@BuildingNames",
        "alias": "buildingnames",
        "userDefined": false
      },
      {
        "text": " opening times",
        "userDefined": false
      }
    ],
    "isTemplate": false,
    "count": 0,
    "lang": "en",
    "updated": 0
  },
  {
    "id": "695c054a-9255-4eab-96fd-a25c31eab0ec",
    "data": [
      {
        "text": "when is ",
        "userDefined": false
      },
      {
        "text": "david wilson library",
        "meta": "@BuildingNames",
        "alias": "buildingnames",
        "userDefined": false
      },
      {
        "text": " open",
        "userDefined": false
      }
    ],
    "isTemplate": false,
    "count": 0,
    "lang": "en",
    "updated": 0
  },
  {
    "id": "2f8317a5-501d-4ed8-b847-52c771a5b3f5",
    "data": [
      {
        "text": "what is the library opening time",
        "userDefined": false
      }
    ],
    "isTemplate": false,
    "count": 0,
    "lang": "en",
    "updated": 0
  },
  {
    "id": "774d81e1-cb54-4648-8d6e-dcfa2f8de116",
    "data": [
      {
        "text": "What time is the library open",
        "userDefined": false
      }
    ],
    "isTemplate": false,
    "count": 0,
    "lang": "en",
    "updated": 0
  }
]