[
  {
    "id": "66e229d2-5f01-45b9-884b-ffd107108168",
    "data": [
      {
        "text": "go back",
        "userDefined": false
      }
    ],
    "isTemplate": false,
    "count": 0,
    "lang": "en",
    "updated": 0
  },
  {
    "id": "95435dbf-de77-419c-91e0-a7e036fa2fa3",
    "data": [
      {
        "text": "what was on the list from before",
        "userDefined": false
      }
    ],
    "isTemplate": false,
    "count": 0,
    "lang": "en",
    "updated": 0
  },
  {
    "id": "9da2e6e1-fb6d-482f-bd7a-0a2d05438e04",
    "data": [
      {
        "text": "what were the choices from before",
        "userDefined": false
      }
    ],
    "isTemplate": false,
    "count": 0,
    "lang": "en",
    "updated": 0
  },
  {
    "id": "bdfaa8e8-9640-4d74-80f6-7040b92ea324",
    "data": [
      {
        "text": "list the choices you did earlier",
        "userDefined": false
      }
    ],
    "isTemplate": false,
    "count": 0,
    "lang": "en",
    "updated": 0
  },
  {
    "id": "1cd53192-5ec1-4be3-8b67-78c483d9dfa7",
    "data": [
      {
        "text": "give me those options again",
        "userDefined": false
      }
    ],
    "isTemplate": false,
    "count": 0,
    "lang": "en",
    "updated": 0
  },
  {
    "id": "44edc884-c99b-44c9-a19a-89c803b0b550",
    "data": [
      {
        "text": "can you tell me what you do",
        "userDefined": false
      }
    ],
    "isTemplate": false,
    "count": 0,
    "lang": "en",
    "updated": 0
  },
  {
    "id": "c84d9949-773b-4857-af80-0c06e7ad17c2",
    "data": [
      {
        "text": "what types of questions do you answer",
        "userDefined": false
      }
    ],
    "isTemplate": false,
    "count": 0,
    "lang": "en",
    "updated": 0
  },
  {
    "id": "bb135aa0-fc29-407c-a269-969a77c1d648",
    "data": [
      {
        "text": "can you tell me what you are able to handle",
        "userDefined": false
      }
    ],
    "isTemplate": false,
    "count": 0,
    "lang": "en",
    "updated": 0
  },
  {
    "id": "bcae0826-fa4c-4db6-b863-2168ede4c910",
    "data": [
      {
        "text": "can you list the stuff you do",
        "userDefined": false
      }
    ],
    "isTemplate": false,
    "count": 0,
    "lang": "en",
    "updated": 0
  },
  {
    "id": "95e8f737-3926-442e-8656-8a2ed1b65680",
    "data": [
      {
        "text": "List of options",
        "userDefined": false
      }
    ],
    "isTemplate": false,
    "count": 0,
    "lang": "en",
    "updated": 0
  }
]