[
  {
    "id": "f46a3be6-723f-457e-bb91-65d74c13009f",
    "data": [
      {
        "text": "percy",
        "meta": "@sys.person",
        "alias": "person",
        "userDefined": false
      },
      {
        "text": " building",
        "userDefined": false
      }
    ],
    "isTemplate": false,
    "count": 0,
    "lang": "en",
    "updated": 0
  },
  {
    "id": "1e867a6b-779b-4499-b223-bd56a1745f34",
    "data": [
      {
        "text": "prcy building",
        "userDefined": false
      }
    ],
    "isTemplate": false,
    "count": 0,
    "lang": "en",
    "updated": 0
  },
  {
    "id": "5c9fcfc2-efd9-4c78-8f71-580818e0d1a4",
    "data": [
      {
        "text": "how do i get to ",
        "userDefined": false
      },
      {
        "text": "percy gee",
        "meta": "@sys.person",
        "alias": "person",
        "userDefined": false
      }
    ],
    "isTemplate": false,
    "count": 0,
    "lang": "en",
    "updated": 0
  },
  {
    "id": "be4f7c2c-ca9b-42fa-b6e8-5e21472b432f",
    "data": [
      {
        "text": "Percy",
        "meta": "@sys.person",
        "alias": "person",
        "userDefined": false
      },
      {
        "text": " ",
        "userDefined": false
      },
      {
        "text": "Gee",
        "meta": "@sys.person",
        "alias": "person",
        "userDefined": false
      },
      {
        "text": " building",
        "userDefined": false
      }
    ],
    "isTemplate": false,
    "count": 0,
    "lang": "en",
    "updated": 0
  },
  {
    "id": "516960d0-fa2a-4124-b367-a90bc92d3f99",
    "data": [
      {
        "text": "where is the ",
        "userDefined": false
      },
      {
        "text": "Percy",
        "meta": "@sys.person",
        "alias": "person",
        "userDefined": false
      },
      {
        "text": " ",
        "userDefined": false
      },
      {
        "text": "Gee",
        "meta": "@sys.person",
        "alias": "person",
        "userDefined": false
      }
    ],
    "isTemplate": false,
    "count": 0,
    "lang": "en",
    "updated": 0
  },
  {
    "id": "d123a658-1109-4d93-897f-87b2dd8f840e",
    "data": [
      {
        "text": "can you direct me to the ",
        "userDefined": false
      },
      {
        "text": "Percy",
        "meta": "@sys.person",
        "alias": "person",
        "userDefined": false
      },
      {
        "text": " ",
        "userDefined": false
      },
      {
        "text": "Gee",
        "meta": "@sys.person",
        "alias": "person",
        "userDefined": false
      },
      {
        "text": "\n building",
        "userDefined": false
      }
    ],
    "isTemplate": false,
    "count": 0,
    "lang": "en",
    "updated": 0
  },
  {
    "id": "3e12e29c-58e2-4fa0-9caf-d1d4bca7da30",
    "data": [
      {
        "text": "Percy",
        "meta": "@sys.person",
        "alias": "person",
        "userDefined": false
      },
      {
        "text": " ",
        "userDefined": false
      },
      {
        "text": "Gee",
        "meta": "@sys.person",
        "alias": "person",
        "userDefined": false
      }
    ],
    "isTemplate": false,
    "count": 0,
    "lang": "en",
    "updated": 0
  }
]