[
  {
    "id": "206d6a96-aaf2-4e17-ad18-4591943e674c",
    "data": [
      {
        "text": "astronomy building",
        "userDefined": false
      }
    ],
    "isTemplate": false,
    "count": 0,
    "lang": "en",
    "updated": 0
  },
  {
    "id": "8815c96d-47e8-493d-9269-e93d3d30a686",
    "data": [
      {
        "text": "pysics building",
        "userDefined": false
      }
    ],
    "isTemplate": false,
    "count": 0,
    "lang": "en",
    "updated": 0
  },
  {
    "id": "9ba83669-a0b7-4b2a-81ab-6797203d588d",
    "data": [
      {
        "text": "how i get to  Physics and Astronomy",
        "userDefined": false
      }
    ],
    "isTemplate": false,
    "count": 0,
    "lang": "en",
    "updated": 0
  },
  {
    "id": "ddfca30e-d980-40b5-9015-1f3e4f460366",
    "data": [
      {
        "text": "how do i get to ",
        "userDefined": false
      },
      {
        "text": "Physics and Astronomy Building",
        "meta": "@BuildingNames",
        "alias": "buildingnames",
        "userDefined": false
      }
    ],
    "isTemplate": false,
    "count": 0,
    "lang": "en",
    "updated": 0
  },
  {
    "id": "154df0e8-eee4-4f32-b1c1-6669906e212d",
    "data": [
      {
        "text": "can you direct me to the ",
        "userDefined": false
      },
      {
        "text": "Physics and Astronomy Building",
        "meta": "@BuildingNames",
        "alias": "buildingnames",
        "userDefined": false
      },
      {
        "text": " (",
        "userDefined": false
      },
      {
        "text": "PHY",
        "meta": "@BuildingNames",
        "alias": "buildingnames",
        "userDefined": false
      },
      {
        "text": ")",
        "userDefined": false
      }
    ],
    "isTemplate": false,
    "count": 0,
    "lang": "en",
    "updated": 0
  },
  {
    "id": "554f568f-e603-42be-bc3a-05e0be6e78c3",
    "data": [
      {
        "text": "where is the ",
        "userDefined": false
      },
      {
        "text": "Physics and Astronomy Building",
        "meta": "@BuildingNames",
        "alias": "buildingnames",
        "userDefined": false
      },
      {
        "text": " (",
        "userDefined": false
      },
      {
        "text": "PHY",
        "meta": "@BuildingNames",
        "alias": "buildingnames",
        "userDefined": false
      },
      {
        "text": ")",
        "userDefined": false
      }
    ],
    "isTemplate": false,
    "count": 0,
    "lang": "en",
    "updated": 0
  },
  {
    "id": "8d96ce35-39e4-43a5-afeb-482b53c46f78",
    "data": [
      {
        "text": "PHY",
        "meta": "@BuildingNames",
        "alias": "buildingnames",
        "userDefined": false
      }
    ],
    "isTemplate": false,
    "count": 0,
    "lang": "en",
    "updated": 0
  },
  {
    "id": "69cc2a36-65fd-467c-aa1a-42010e741fef",
    "data": [
      {
        "text": "Physics and Astronomy Building",
        "meta": "@BuildingNames",
        "alias": "buildingnames",
        "userDefined": false
      }
    ],
    "isTemplate": false,
    "count": 0,
    "lang": "en",
    "updated": 0
  }
]