[
  {
    "id": "e2570bbf-d3b1-4f7c-afd0-331286a06970",
    "data": [
      {
        "text": "thanks ",
        "userDefined": false
      },
      {
        "text": "roe",
        "meta": "@sys.person",
        "alias": "person",
        "userDefined": false
      },
      {
        "text": "-bot",
        "userDefined": false
      }
    ],
    "isTemplate": false,
    "count": 0,
    "lang": "en",
    "updated": 0
  },
  {
    "id": "64790f41-7086-469d-adad-b4583399362e",
    "data": [
      {
        "text": "i really appreciate your help",
        "userDefined": false
      }
    ],
    "isTemplate": false,
    "count": 0,
    "lang": "en",
    "updated": 0
  },
  {
    "id": "4519c258-2cb5-4f61-b033-beb107609fba",
    "data": [
      {
        "text": "i owe you ",
        "userDefined": false
      },
      {
        "text": "one",
        "meta": "@sys.number",
        "alias": "number",
        "userDefined": false
      }
    ],
    "isTemplate": false,
    "count": 0,
    "lang": "en",
    "updated": 0
  },
  {
    "id": "d6d582f3-e5ad-4636-b3d0-4c2e41cb37f0",
    "data": [
      {
        "text": "your amazing",
        "userDefined": false
      }
    ],
    "isTemplate": false,
    "count": 0,
    "lang": "en",
    "updated": 0
  },
  {
    "id": "a838d1ee-1665-4d32-bb84-cdd0b6e646ee",
    "data": [
      {
        "text": "thanks",
        "userDefined": false
      }
    ],
    "isTemplate": false,
    "count": 0,
    "lang": "en",
    "updated": 0
  },
  {
    "id": "9a5c9f3d-608c-47e5-aee0-cb758aedb9bf",
    "data": [
      {
        "text": "many thanks",
        "userDefined": false
      }
    ],
    "isTemplate": false,
    "count": 0,
    "lang": "en",
    "updated": 0
  },
  {
    "id": "6e6522bc-c2eb-4f8f-a5cb-8dafc52348db",
    "data": [
      {
        "text": "you\u0027ve been a great help",
        "userDefined": false
      }
    ],
    "isTemplate": false,
    "count": 0,
    "lang": "en",
    "updated": 0
  },
  {
    "id": "ac9a953d-6010-4b9c-b17c-1a74820eb995",
    "data": [
      {
        "text": "thank you very much",
        "userDefined": false
      }
    ],
    "isTemplate": false,
    "count": 0,
    "lang": "en",
    "updated": 0
  },
  {
    "id": "f5964e6d-4eae-4e0a-9aea-c03164610552",
    "data": [
      {
        "text": "thanks thank you ",
        "userDefined": false
      },
      {
        "text": "roe",
        "meta": "@sys.person",
        "alias": "person",
        "userDefined": false
      },
      {
        "text": "-bot",
        "userDefined": false
      }
    ],
    "isTemplate": false,
    "count": 0,
    "lang": "en",
    "updated": 0
  },
  {
    "id": "3fc2d053-58fb-4d7b-9d15-0749d9817ef2",
    "data": [
      {
        "text": "Thank you",
        "userDefined": false
      }
    ],
    "isTemplate": false,
    "count": 0,
    "lang": "en",
    "updated": 0
  }
]