[
  {
    "id": "8cbb60dc-dba5-4745-b60c-467414f52333",
    "data": [
      {
        "text": "do you handle university services questions",
        "userDefined": false
      }
    ],
    "isTemplate": false,
    "count": 0,
    "lang": "en",
    "updated": 0
  },
  {
    "id": "d6099b06-30dd-4c5d-ae6c-656835e1c9b3",
    "data": [
      {
        "text": "university services question",
        "userDefined": false
      }
    ],
    "isTemplate": false,
    "count": 0,
    "lang": "en",
    "updated": 0
  },
  {
    "id": "884444cd-61f5-4764-9e42-f8662fe6bbc6",
    "data": [
      {
        "text": "university services queries",
        "userDefined": false
      }
    ],
    "isTemplate": false,
    "count": 0,
    "lang": "en",
    "updated": 0
  },
  {
    "id": "a9d569db-d391-4be2-99f2-990276af1bf6",
    "data": [
      {
        "text": "university services",
        "userDefined": false
      }
    ],
    "isTemplate": false,
    "count": 0,
    "lang": "en",
    "updated": 0
  }
]